{
  "mae_ms": 740.7417568246307,
  "mae_s": 0.7407417568246306,
  "rmse_ms": 986.5713084727913,
  "rmse_s": 0.9865713084727913,
  "n_samples": 2349
}