{
  "mae_ms": 773.554402884816,
  "mae_s": 0.773554402884816,
  "rmse_ms": 1124.764486192934,
  "rmse_s": 1.124764486192934,
  "n_samples": 5691
}